PRODUCTLINE,Total_Sales,Average_Sales,Count
Classic Cars,3919615.66,4053.3771044467426,967
Motorcycles,1166388.34,3523.8318429003025,331
Planes,975003.57,3186.286176470588,306
Ships,714437.13,3053.150128205128,234
Trains,226243.47,2938.226883116883,77
Trucks and Buses,1127789.84,3746.8100996677745,301
Vintage Cars,1903150.84,3135.3391103789127,607
